id,date,text,views,media
1331,2025-05-26 12:17:53,"**–ò–ò –Ω–µ –∑–∞–º–µ–Ω–∏—Ç —Ç–µ–±—è.**
–û–Ω –∑–∞–º–µ–Ω–∏—Ç —Ç–æ–≥–æ, –∫—Ç–æ **–º–µ–¥–ª–µ–Ω–Ω–µ–µ**.

‚ùå –ù–µ —Ç–æ–≥–æ, –∫—Ç–æ —Ö—É–∂–µ.
‚ùå –ù–µ —Ç–æ–≥–æ, –∫—Ç–æ ‚Äú–Ω–µ –∞–π—Ç–∏—à–Ω–∏–∫‚Äù.
‚ùå –ù–µ —Ç–æ–≥–æ, —É –∫–æ–≥–æ ‚Äú–¥—Ä—É–≥–∞—è –Ω–∏—à–∞‚Äù.

__–ê –∏–º–µ–Ω–Ω–æ —Ç–æ–≥–æ, –∫—Ç–æ **–¥–æ–ª—å—à–µ –¥—É–º–∞–µ—Ç, –∫–∞–∫ –≤—Å—Ç—Ä–æ–∏—Ç—å –ò–ò**, –≤ —Ç–æ –≤—Ä–µ–º—è –∫–∞–∫ –¥—Ä—É–≥–∏–µ —É–∂–µ –≤—Å—Ç—Ä–æ–∏–ª–∏ ‚Äî –∏ –ø–æ—à–ª–∏ –¥–∞–ª—å—à–µ__

–ù–µ —Å—Ç—Ä–∞—à–Ω–æ, —á—Ç–æ –ò–ò —É–º–µ–µ—Ç –≤—Å—ë –¥–µ–ª–∞—Ç—å –±—ã—Å—Ç—Ä–µ–µ

–°—Ç—Ä–∞—à–Ω–æ, —á—Ç–æ **—Ç–≤–æ–∏ –∫–æ–Ω–∫—É—Ä–µ–Ω—Ç—ã —É–∂–µ –¥–µ–ª–µ–≥–∏—Ä–æ–≤–∞–ª–∏ –µ–º—É –ø–æ–ª–æ–≤–∏–Ω—É —Ä—É—Ç–∏–Ω—ã**, –∞ —Ç—ã –ø–æ–∫–∞ ¬´—Å–æ—Ö—Ä–∞–Ω—è–µ—à—å –ø–æ—Å—Ç –Ω–∞ –ø–æ—Ç–æ–º¬ª

**üòé**** –ò–ò ‚Äî —ç—Ç–æ –Ω–µ –≤—Ä–∞–≥. –≠—Ç–æ –∏–Ω—Å—Ç—Ä—É–º–µ–Ω—Ç**

üòé–ò –∫–∞–∫ –ª—é–±–æ–π –∏–Ω—Å—Ç—Ä—É–º–µ–Ω—Ç ‚Äî –æ–Ω –ø—Ä–∏–Ω–æ—Å–∏—Ç –ø–æ–ª—å–∑—É **—Ç–æ–º—É, –∫—Ç–æ –∏–º –ø–æ–ª—å–∑—É–µ—Ç—Å—è
**
–ê –Ω–µ —Ç–æ–º—É, –∫—Ç–æ –ø—Ä–æ—Å—Ç–æ –ø—Ä–æ –Ω–µ–≥–æ —Å–ª—É—à–∞–µ—Ç –Ω–∞ –∫–æ–Ω—Ñ–µ—Ä–µ–Ω—Ü–∏—è—Ö –∏ —Ä–µ–ø–æ—Å—Ç–∏—Ç –∫–µ–π—Å—ã –≤ —Å—Ç–æ—Ä–∏—Å

üòé–Ø –Ω–µ –ø—É–≥–∞—é, —è –ø–æ–∫–∞–∑—ã–≤–∞—é —Å—É—Ç—å:
—Ä—ã–Ω–æ–∫ –º–µ–Ω—è–µ—Ç—Å—è
–ú–µ—Ç–æ–¥—ã –æ—Å—Ç–∞—é—Ç—Å—è –ø—Ä–µ–∂–Ω–∏–º–∏ ‚Äî –≤—ã–∏–≥—Ä—ã–≤–∞–µ—Ç **—Ç–æ—Ç, –∫—Ç–æ –±—ã—Å—Ç—Ä–µ–µ –∞–¥–∞–ø—Ç–∏—Ä—É–µ—Ç—Å—è**

üî• –í –∫–ª—É–±–µ –§–∏–Ω–∫ –ì—Ä–∞–Ω-–ü—Ä–∏ –º—ã **–∞–¥–∞–ø—Ç–∏—Ä—É–µ–º—Å—è –±—ã—Å—Ç—Ä–æ
**
‚Üí –°–º–æ—Ç—Ä–∏–º, –∫–∞–∫ –±–∏–∑–Ω–µ—Å —Ä–∞–±–æ—Ç–∞–µ—Ç –±–µ–∑ –ò–ò
‚Üí –ù–∞—Ö–æ–¥–∏–º —Å–ª–∞–±—ã–µ –º–µ—Å—Ç–∞
‚Üí –°—Ç–∞–≤–∏–º —Ç—É–¥–∞ –ò–ò-–∞–≥–µ–Ω—Ç–∞ –∏–ª–∏ –∞–≤—Ç–æ–º–∞—Ç–∏–∑–∞—Ü–∏—é
‚Üí –ü–æ–ª—É—á–∞–µ–º —Ä–µ–∑—É–ª—å—Ç–∞—Ç

–¢—ã —Ç–æ–∂–µ –º–æ–∂–µ—à—å. –î–∞–∂–µ –±–µ–∑ –∫–ª—É–±–∞üòé
–Ø –æ—Ç–∫—Ä—ã–ª –¥–æ—Å—Ç—É–ø –∫ —É—Ä–æ–∫–∞–º –ø–æ –æ—Ç–¥–µ–ª—å–Ω–æ—Å—Ç–∏

–í—ã–±–∏—Ä–∞–µ—à—å –Ω—É–∂–Ω—ã–π ‚Üí –ø–æ–ª—É—á–∞–µ—à—å –±–ª—é–ø—Ä–∏–Ω—Ç, –≥–∞–π–¥—ã, –ø–æ—à–∞–≥–æ–≤–æ–µ –≤–Ω–µ–¥—Ä–µ–Ω–∏–µ
–ë–µ–∑ –ø–æ–¥–ø–∏—Å–æ–∫ –∏ –æ–±—è–∑–∞—Ç–µ–ª—å—Å—Ç–≤

[–≠—Ç–∏ —É—Ä–æ–∫–∏ ‚Äî —Ç–≤–æ—è —Ç–æ—á–∫–∞ –≤—Ö–æ–¥–∞ –≤ –±–∏–∑–Ω–µ—Å –±–µ–∑ —Ä—É—Ç–∏–Ω—ã](https://finkacademy.com/lessons?utm_source=tg&utm_medium=post)",82,data/media/1331_20250526121753
1330,2025-05-23 13:39:21,,225,data/media/1330_20250523133921
1329,2025-05-23 13:19:51,"**–õ—é–±–∏—Ç–µ –≥–æ—Ç–æ–≤—ã–µ –ø—Ä–æ–º–ø—Ç—ã? **

__–¢–æ–≥–¥–∞ –ª–æ–≤–∏—Ç–µ –ø–æ–¥–±–æ—Ä–∫—É –Ω–µ—Ç–∏–ø–∏—á–Ω—ã—Ö –ø—Ä–æ–º–ø—Ç–æ–≤ —Å —Ä–∞–∑–ª–∏—á–Ω—ã–º–∏ –º–∞—Ä–∫–µ—Ç–∏–Ω–≥–æ–≤—ã–º–∏ —Ç–µ—Ö–Ω–∏–∫–∞–º–∏ üî•__

–ö–∞–∫–∏–µ –µ—â–µ —Ç–µ—Ö–Ω–∏–∫–∏ –≤—ã –∑–Ω–∞–µ—Ç–µ? –ü–∏—à–∏—Ç–µ –≤ –∫–æ–º–º–µ–Ω—Ç–∞—Ä–∏—è—Ö, –∏ –≤–æ–∑–º–æ–∂–Ω–æ –≤–∞—à–∞ —Ç–µ—Ö–Ω–∏–∫–∞ –ø–æ–ø–∞–¥–µ—Ç –≤ —Å–ª–µ–¥—É—é—â—É—é –∫–∞—Ä—É—Å–µ–ª—å —Å –ø—Ä–æ–º–ø—Ç–∞–º–∏ üòâ",218,data/media/1329_20250523131951
1328,2025-05-23 13:19:51,,219,data/media/1328_20250523131951
1327,2025-05-23 13:19:51,,220,data/media/1327_20250523131951
1326,2025-05-23 13:19:51,,217,data/media/1326_20250523131951
1325,2025-05-23 13:19:51,,217,data/media/1325_20250523131951
1324,2025-05-23 13:19:51,,219,data/media/1324_20250523131951
1323,2025-05-22 10:04:25,,296,data/media/1323_20250522100425
1322,2025-05-22 10:04:25,,298,data/media/1322_20250522100425
1253,2025-05-16 08:29:58,,,
1252,2025-05-16 05:29:30,"**üåü SmolVLM Realtime Inference UI**

On-device vision‚Äìlanguage in your browser‚Äîwebcam, video & image. Zero-config HTML/JS powered by llama.cpp.


üöÄ Try it: https://github.com/Shohruh72/SmolVLM-UI

Join my channel:
üëáüëáüëáüëáüëáüëá
 @MachineLearning_Programming",5888,data/media/1252_20250516052930
1251,2025-05-14 08:35:15,"**üöÄ Introducing: Face Landmark Auto-Labeling Toolkit üß†**

Tired of manually annotating facial landmarks? Here's a deep learning-powered desktop app that will change your workflow forever!

**üîß Key Features:
**‚úÖ 68-point facial landmark detection (PIPNet + ONNX)
‚úÖ Modern GUI with theme support (Tkinter + TTKBootstrap)
‚úÖ Smart drag-and-drop editing
‚úÖ Batch processing of entire folders
‚úÖ Export as .json and .pts
‚úÖ Real-time dataset statistics

**üìΩÔ∏è See it in action:**
[**‚ñ∂Ô∏è **Demo Video #1](https://youtu.be/T9NZXJYQGjo?si=QEl97S-sDrfmWsZl)**
**[**‚ñ∂Ô∏è **Demo Video #2](https://youtu.be/NugGGDl6rm0?si=DyUCIjKBTgsKXGZy)

üåü **Star the repo & share with your community!**
üîó GitHub: https://github.com/Shohruh72/Landmark-Auto-Label

https://github.com/Shohruh72


**@deeplearning_ai**",7620,data/media/1251_20250514083515
1250,2025-05-12 01:57:31,"**VSP-LLM (Visual Speech Processing incorporated with LLMs)


**Code: https://github.com/Sally-SH/VSP-LLM?tab=readme-ov-file
**
Paper: ****https://arxiv.org/pdf/2402.15151****

****@deeplearning_ai**",7638,data/media/1250_20250512015731
1249,2025-05-01 15:06:08,,12644,data/media/1249_20250501150608
1248,2025-05-01 15:04:58,"üö® **FREE MLOps TRAINING ALERT** üö®

üíº Earn up to **‚Çπ35.1 Lakhs/Year as a Certified MLOps Engineer!**
**
üöÄ Master MLOps & LLMOps on AWS, Azure, GCP, and Open-Source Tools!

üî• LIMITED SPOTS ‚Äì Act Fast!
üìù Secure Your Spot Now: **

https://www.eventbrite.com/e/mlops-specialization-course-demo-tickets-710123256777

üí° Transform Your Career with our Expert Training!

üéØ Share with fellow ML Enthusiasts and future tech leaders!
#MLOps #AI #TechCareers #FreeTraining",12396,data/media/1248_20250501150458
1247,2025-04-26 12:56:45,"[üîó SOURCE](https://github.com/WeichenFan/CFG-Zero-star)

‚ùáÔ∏è CFG-Zero*: Improved Classifier-Free Guidance for Flow Matching Models üî•

Join my channel:
üëáüëáüëáüëáüëáüëá
@Deeplearning_ai",15099,data/media/1247_20250426125645
1246,2025-04-24 08:16:21,"**Build Your Social Media Automation Agent**

What if you could create a month‚Äôs worth of social media content in just one hour? Our AI workshop shows you how

**Date: Thursday, 24th April at 9 PM IST**

**Registration Link**: https://lu.ma/08r6okdy?tk=TyIt92

This session is led by Satvik, founder of Build Fast With AI, an IIT Delhi graduate and AI expert who has trained over 10,000 people!",12529,data/media/1246_20250424081621
1244,2025-04-12 19:07:10,"üìö Become a professional data scientist with these 17 resources!



1Ô∏è‚É£ Python libraries for machine learning

‚óÄÔ∏è Introducing the best Python tools and packages for building ML models.

‚ûñ‚ûñ‚ûñ

2Ô∏è‚É£ Deep Learning Interactive Book

‚óÄÔ∏è Learn deep learning concepts by combining text, math, code, and images.

‚ûñ‚ûñ‚ûñ

3Ô∏è‚É£ Anthology of Data Science Learning Resources

‚óÄÔ∏è The best courses, books, and tools for learning data science.

‚ûñ‚ûñ‚ûñ

4Ô∏è‚É£ Implementing algorithms from scratch

‚óÄÔ∏è Coding popular ML algorithms from scratch

‚ûñ‚ûñ‚ûñ

5Ô∏è‚É£ Machine Learning Interview Guide

‚óÄÔ∏è Fully prepared for job interviews

‚ûñ‚ûñ‚ûñ

6Ô∏è‚É£ Real-world machine learning projects

‚óÄÔ∏è Learning how to build and deploy models.

‚ûñ‚ûñ‚ûñ

7Ô∏è‚É£ Designing machine learning systems

‚óÄÔ∏è How to design a scalable and stable ML system.

‚ûñ‚ûñ‚ûñ

8Ô∏è‚É£ Machine Learning Mathematics 

‚óÄÔ∏è Basic mathematical concepts necessary to understand machine learning.

‚ûñ‚ûñ‚ûñ

9Ô∏è‚É£ Introduction to Statistical Learning

‚óÄÔ∏è Learn algorithms with practical examples.

‚ûñ‚ûñ‚ûñ

1Ô∏è‚É£ Machine learning with a probabilistic approach

‚óÄÔ∏è Better understanding modeling and uncertainty with a statistical perspective.

‚ûñ‚ûñ‚ûñ

1Ô∏è‚É£ UBC Machine Learning

‚óÄÔ∏è Deep understanding of machine learning concepts with conceptual teaching from one of the leading professors in the field of ML,

‚ûñ‚ûñ‚ûñ

1Ô∏è‚É£ Deep Learning with Andrew Ng

‚óÄÔ∏è A strong start in the world of neural networks, CNNs and RNNs.

‚ûñ‚ûñ‚ûñ

1Ô∏è‚É£ Linear Algebra with 3Blue1Brown

‚óÄÔ∏è Intuitive and visual teaching of linear algebra concepts.

‚ûñ‚ûñ‚ûñ

üî¥ Machine Learning Course

‚óÄÔ∏è A combination of theory and practical training to strengthen ML skills.

‚ûñ‚ûñ‚ûñ

1Ô∏è‚É£ Mathematical Optimization with Python

‚óÄÔ∏è You will learn the basic concepts of optimization with Python code.

‚ûñ‚ûñ‚ûñ

1Ô∏è‚É£ Explainable models in machine learning

‚óÄÔ∏è Making complex models understandable.

‚ûñ‚ûñ‚ûñ

‚ö´Ô∏è Data Analysis with Python

‚óÄÔ∏è Data analysis skills using Pandas and NumPy libraries.


‚úÖ @Deeplearning_ai",15500,data/media/1244_20250412190710
1243,2025-04-08 06:30:12,"This channels is for Programmers, Coders, Software Engineers.

0Ô∏è‚É£ Python 
1Ô∏è‚É£ Data Science
2Ô∏è‚É£ Machine Learning
3Ô∏è‚É£ Data Visualization 
4Ô∏è‚É£  Artificial Intelligence
5Ô∏è‚É£ Data Analysis
6Ô∏è‚É£ Statistics
7Ô∏è‚É£ Deep Learning
8Ô∏è‚É£ programming Languages

‚úÖ https://t.me/addlist/8_rRW2scgfRhOTc0

‚úÖ https://t.me/Codeprogrammer",12795,data/media/1243_20250408063012
1253,2025-05-16 08:29:58,,,
1252,2025-05-16 05:29:30,"**üåü SmolVLM Realtime Inference UI**

On-device vision‚Äìlanguage in your browser‚Äîwebcam, video & image. Zero-config HTML/JS powered by llama.cpp.


üöÄ Try it: https://github.com/Shohruh72/SmolVLM-UI

Join my channel:
üëáüëáüëáüëáüëáüëá
 @MachineLearning_Programming",5897,data/media/1252_20250516052930
1253,DeepLearning_ai,2025-05-16 08:29:58,,,,
1252,DeepLearning_ai,2025-05-16 05:29:30,"**üåü SmolVLM Realtime Inference UI**

On-device vision‚Äìlanguage in your browser‚Äîwebcam, video & image. Zero-config HTML/JS powered by llama.cpp.


üöÄ Try it: https://github.com/Shohruh72/SmolVLM-UI

Join my channel:
üëáüëáüëáüëáüëáüëá
 @MachineLearning_Programming",5899,data/media/1252_20250516052930,
1578,korenev_ai,2025-05-26 11:03:12,–í–∑—è–ª –∑–¥–µ—Å—å https://docs.google.com/presentation/d/1CGn3h4-yp6A7e-VboRfM4gHlhz7gMBKdDYw_VWuw7eM/edit?usp=drivesdk,479,data/media/1578_20250526110312,
1577,korenev_ai,2025-05-24 05:01:21,"‚û°Ô∏è**–ú–µ–≥–∞–ø–æ–¥–±–æ—Ä–∫–∞ –ø—Ä–∞–≤–∏–ª –¥–ª—è –ö—É—Ä—Å–æ—Ä–∞**

–î–ª—è —Ç–µ—Ö –∫—Ç–æ –ª—é–±–∏—Ç, –∫–æ–≥–¥–∞ –≤—Å–µ –ø–æ –ø—Ä–∞–≤–∏–ª–∞–º –∏ –≤—Å–µ –ø—Ä–∞–≤–∏–ª—å–Ω–æ:

https://github.com/PatrickJS/awesome-cursorrules/tree/main/rules

Upd: –í–∞–ª–µ—Ä–∞ @neuraldeep –¥–∞–ª –µ—â–µ —Ä–µ–∫–æ–º–µ–Ω–¥–∞—Ü–∏—é: –∫ —ç—Ç–∏–º –ø—Ä–∞–≤–∏–ª–∞–º –µ—â–µ —Å—Ç–æ–∏—Ç –¥–æ–±–∞–≤–ª—è—Ç—å –¥–æ–∫—É–º–µ–Ω—Ç–∞—Ü–∏—é –ø–æ –∏—Å–ø–æ–ª—å–∑—É–µ–º–æ–º—É —Å—Ç–µ–∫—É, —Ç–∞–∫ –≤–∞–∞—â–µ –ø—É—à–∫–∞ –ø–æ–ª—É—á–∞–µ—Ç—Å—è. –¢.–µ. –µ—Å–ª–∏ –≤—ã –ø–∏–ª–∏—Ç–µ –ø—Ä–æ–µ–∫—Ç –Ω–∞ fastapi, —Ç–æ –≤–º–µ—Å—Ç–µ —Å –ø—Ä–∞–≤–∏–ª–∞–º–∏ –¥–æ–±–∞–≤—å—Ç–µ —Å –æ—Ñ–∏—Ü–∏–∞–ª—å–Ω–æ–≥–æ —Å–∞–π—Ç–∞ –¥–æ–∫—É–º–µ–Ω—Ç–∞—Ü–∏—é –ø–æ —Ñ–∞—Å—Ç–∞–ø–∏.

Valerii Kovalskii:
–¢–∞–º –ø–æ—Ç–æ–º –µ—â–µ –¥–æ–∫—É –ø–æ –¥–æ–∫–µ—Ä—É –ø–æ–¥–∫–∏–¥—ã–≤–∞–µ—à—å –ø–æ—Å–ª–µ –Ω–∞–ø–∏—Å–∞–Ω–∏—è –ø—Ä–æ—Ç–æ—Ç–∏–ø–∞
–ò –ø—Ä–∞–≤–∏–ª–æ –¥–ª—è –Ω–µ–≥–æ
–ò –∫—Ä–∞—Å–∏–≤–æ –≤—Å–µ —É–ø–∞–∫–æ–≤—ã–≤–∞–µ—à—å –≤ docker-compose


–ù–µ –∑–∞–±—É–¥—å—Ç–µ –æ—Ç—Å—ã–ø–∞—Ç—å –æ–≥–æ–Ω—å–∫–æ–≤ –∑–∞ —Å–æ–≤–µ—Ç‚ù§Ô∏è",2116,data/media/1577_20250524050121,
1578,korenev_ai,2025-05-26 11:03:12,–í–∑—è–ª –∑–¥–µ—Å—å https://docs.google.com/presentation/d/1CGn3h4-yp6A7e-VboRfM4gHlhz7gMBKdDYw_VWuw7eM/edit?usp=drivesdk,481,data/media/1578_20250526110312,
1577,korenev_ai,2025-05-24 05:01:21,"‚û°Ô∏è**–ú–µ–≥–∞–ø–æ–¥–±–æ—Ä–∫–∞ –ø—Ä–∞–≤–∏–ª –¥–ª—è –ö—É—Ä—Å–æ—Ä–∞**

–î–ª—è —Ç–µ—Ö –∫—Ç–æ –ª—é–±–∏—Ç, –∫–æ–≥–¥–∞ –≤—Å–µ –ø–æ –ø—Ä–∞–≤–∏–ª–∞–º –∏ –≤—Å–µ –ø—Ä–∞–≤–∏–ª—å–Ω–æ:

https://github.com/PatrickJS/awesome-cursorrules/tree/main/rules

Upd: –í–∞–ª–µ—Ä–∞ @neuraldeep –¥–∞–ª –µ—â–µ —Ä–µ–∫–æ–º–µ–Ω–¥–∞—Ü–∏—é: –∫ —ç—Ç–∏–º –ø—Ä–∞–≤–∏–ª–∞–º –µ—â–µ —Å—Ç–æ–∏—Ç –¥–æ–±–∞–≤–ª—è—Ç—å –¥–æ–∫—É–º–µ–Ω—Ç–∞—Ü–∏—é –ø–æ –∏—Å–ø–æ–ª—å–∑—É–µ–º–æ–º—É —Å—Ç–µ–∫—É, —Ç–∞–∫ –≤–∞–∞—â–µ –ø—É—à–∫–∞ –ø–æ–ª—É—á–∞–µ—Ç—Å—è. –¢.–µ. –µ—Å–ª–∏ –≤—ã –ø–∏–ª–∏—Ç–µ –ø—Ä–æ–µ–∫—Ç –Ω–∞ fastapi, —Ç–æ –≤–º–µ—Å—Ç–µ —Å –ø—Ä–∞–≤–∏–ª–∞–º–∏ –¥–æ–±–∞–≤—å—Ç–µ —Å –æ—Ñ–∏—Ü–∏–∞–ª—å–Ω–æ–≥–æ —Å–∞–π—Ç–∞ –¥–æ–∫—É–º–µ–Ω—Ç–∞—Ü–∏—é –ø–æ —Ñ–∞—Å—Ç–∞–ø–∏.

Valerii Kovalskii:
–¢–∞–º –ø–æ—Ç–æ–º –µ—â–µ –¥–æ–∫—É –ø–æ –¥–æ–∫–µ—Ä—É –ø–æ–¥–∫–∏–¥—ã–≤–∞–µ—à—å –ø–æ—Å–ª–µ –Ω–∞–ø–∏—Å–∞–Ω–∏—è –ø—Ä–æ—Ç–æ—Ç–∏–ø–∞
–ò –ø—Ä–∞–≤–∏–ª–æ –¥–ª—è –Ω–µ–≥–æ
–ò –∫—Ä–∞—Å–∏–≤–æ –≤—Å–µ —É–ø–∞–∫–æ–≤—ã–≤–∞–µ—à—å –≤ docker-compose


–ù–µ –∑–∞–±—É–¥—å—Ç–µ –æ—Ç—Å—ã–ø–∞—Ç—å –æ–≥–æ–Ω—å–∫–æ–≤ –∑–∞ —Å–æ–≤–µ—Ç‚ù§Ô∏è",2117,data/media/1577_20250524050121,
1578,korenev_ai,2025-05-26 11:03:12,–í–∑—è–ª –∑–¥–µ—Å—å https://docs.google.com/presentation/d/1CGn3h4-yp6A7e-VboRfM4gHlhz7gMBKdDYw_VWuw7eM/edit?usp=drivesdk,486,data/media/1578_20250526110312,
1577,korenev_ai,2025-05-24 05:01:21,"‚û°Ô∏è**–ú–µ–≥–∞–ø–æ–¥–±–æ—Ä–∫–∞ –ø—Ä–∞–≤–∏–ª –¥–ª—è –ö—É—Ä—Å–æ—Ä–∞**

–î–ª—è —Ç–µ—Ö –∫—Ç–æ –ª—é–±–∏—Ç, –∫–æ–≥–¥–∞ –≤—Å–µ –ø–æ –ø—Ä–∞–≤–∏–ª–∞–º –∏ –≤—Å–µ –ø—Ä–∞–≤–∏–ª—å–Ω–æ:

https://github.com/PatrickJS/awesome-cursorrules/tree/main/rules

Upd: –í–∞–ª–µ—Ä–∞ @neuraldeep –¥–∞–ª –µ—â–µ —Ä–µ–∫–æ–º–µ–Ω–¥–∞—Ü–∏—é: –∫ —ç—Ç–∏–º –ø—Ä–∞–≤–∏–ª–∞–º –µ—â–µ —Å—Ç–æ–∏—Ç –¥–æ–±–∞–≤–ª—è—Ç—å –¥–æ–∫—É–º–µ–Ω—Ç–∞—Ü–∏—é –ø–æ –∏—Å–ø–æ–ª—å–∑—É–µ–º–æ–º—É —Å—Ç–µ–∫—É, —Ç–∞–∫ –≤–∞–∞—â–µ –ø—É—à–∫–∞ –ø–æ–ª—É—á–∞–µ—Ç—Å—è. –¢.–µ. –µ—Å–ª–∏ –≤—ã –ø–∏–ª–∏—Ç–µ –ø—Ä–æ–µ–∫—Ç –Ω–∞ fastapi, —Ç–æ –≤–º–µ—Å—Ç–µ —Å –ø—Ä–∞–≤–∏–ª–∞–º–∏ –¥–æ–±–∞–≤—å—Ç–µ —Å –æ—Ñ–∏—Ü–∏–∞–ª—å–Ω–æ–≥–æ —Å–∞–π—Ç–∞ –¥–æ–∫—É–º–µ–Ω—Ç–∞—Ü–∏—é –ø–æ —Ñ–∞—Å—Ç–∞–ø–∏.

Valerii Kovalskii:
–¢–∞–º –ø–æ—Ç–æ–º –µ—â–µ –¥–æ–∫—É –ø–æ –¥–æ–∫–µ—Ä—É –ø–æ–¥–∫–∏–¥—ã–≤–∞–µ—à—å –ø–æ—Å–ª–µ –Ω–∞–ø–∏—Å–∞–Ω–∏—è –ø—Ä–æ—Ç–æ—Ç–∏–ø–∞
–ò –ø—Ä–∞–≤–∏–ª–æ –¥–ª—è –Ω–µ–≥–æ
–ò –∫—Ä–∞—Å–∏–≤–æ –≤—Å–µ —É–ø–∞–∫–æ–≤—ã–≤–∞–µ—à—å –≤ docker-compose


–ù–µ –∑–∞–±—É–¥—å—Ç–µ –æ—Ç—Å—ã–ø–∞—Ç—å –æ–≥–æ–Ω—å–∫–æ–≤ –∑–∞ —Å–æ–≤–µ—Ç‚ù§Ô∏è",2119,data/media/1577_20250524050121,
1578,korenev_ai,2025-05-26 11:03:12,–í–∑—è–ª –∑–¥–µ—Å—å https://docs.google.com/presentation/d/1CGn3h4-yp6A7e-VboRfM4gHlhz7gMBKdDYw_VWuw7eM/edit?usp=drivesdk,487,
1577,korenev_ai,2025-05-24 05:01:21,"‚û°Ô∏è**–ú–µ–≥–∞–ø–æ–¥–±–æ—Ä–∫–∞ –ø—Ä–∞–≤–∏–ª –¥–ª—è –ö—É—Ä—Å–æ—Ä–∞**

–î–ª—è —Ç–µ—Ö –∫—Ç–æ –ª—é–±–∏—Ç, –∫–æ–≥–¥–∞ –≤—Å–µ –ø–æ –ø—Ä–∞–≤–∏–ª–∞–º –∏ –≤—Å–µ –ø—Ä–∞–≤–∏–ª—å–Ω–æ:

https://github.com/PatrickJS/awesome-cursorrules/tree/main/rules

Upd: –í–∞–ª–µ—Ä–∞ @neuraldeep –¥–∞–ª –µ—â–µ —Ä–µ–∫–æ–º–µ–Ω–¥–∞—Ü–∏—é: –∫ —ç—Ç–∏–º –ø—Ä–∞–≤–∏–ª–∞–º –µ—â–µ —Å—Ç–æ–∏—Ç –¥–æ–±–∞–≤–ª—è—Ç—å –¥–æ–∫—É–º–µ–Ω—Ç–∞—Ü–∏—é –ø–æ –∏—Å–ø–æ–ª—å–∑—É–µ–º–æ–º—É —Å—Ç–µ–∫—É, —Ç–∞–∫ –≤–∞–∞—â–µ –ø—É—à–∫–∞ –ø–æ–ª—É—á–∞–µ—Ç—Å—è. –¢.–µ. –µ—Å–ª–∏ –≤—ã –ø–∏–ª–∏—Ç–µ –ø—Ä–æ–µ–∫—Ç –Ω–∞ fastapi, —Ç–æ –≤–º–µ—Å—Ç–µ —Å –ø—Ä–∞–≤–∏–ª–∞–º–∏ –¥–æ–±–∞–≤—å—Ç–µ —Å –æ—Ñ–∏—Ü–∏–∞–ª—å–Ω–æ–≥–æ —Å–∞–π—Ç–∞ –¥–æ–∫—É–º–µ–Ω—Ç–∞—Ü–∏—é –ø–æ —Ñ–∞—Å—Ç–∞–ø–∏.

Valerii Kovalskii:
–¢–∞–º –ø–æ—Ç–æ–º –µ—â–µ –¥–æ–∫—É –ø–æ –¥–æ–∫–µ—Ä—É –ø–æ–¥–∫–∏–¥—ã–≤–∞–µ—à—å –ø–æ—Å–ª–µ –Ω–∞–ø–∏—Å–∞–Ω–∏—è –ø—Ä–æ—Ç–æ—Ç–∏–ø–∞
–ò –ø—Ä–∞–≤–∏–ª–æ –¥–ª—è –Ω–µ–≥–æ
–ò –∫—Ä–∞—Å–∏–≤–æ –≤—Å–µ —É–ø–∞–∫–æ–≤—ã–≤–∞–µ—à—å –≤ docker-compose


–ù–µ –∑–∞–±—É–¥—å—Ç–µ –æ—Ç—Å—ã–ø–∞—Ç—å –æ–≥–æ–Ω—å–∫–æ–≤ –∑–∞ —Å–æ–≤–µ—Ç‚ù§Ô∏è",2120,
